{"cameraMode":{"drawMode":0,"name":"Shaded","section":"Shading Mode"},"sceneLighting":true,"audioPlay":false,"sceneViewState":{"m_AlwaysRefresh":false,"showFog":true,"showSkybox":true,"showFlares":true,"showImageEffects":true,"showParticleSystems":true,"showVisualEffectGraphs":true,"m_FxEnabled":true},"in2DMode":false,"pivot":{"x":120.27417755126953,"y":1.528588056564331,"z":-49.02269744873047},"rotation":{"x":0.2181800901889801,"y":-0.046238575130701068,"z":0.010346632450819016,"w":0.9747627973556519},"size":5.9228081703186039,"orthographic":true}